GMT-M1,GMT-M1,JH-V1 SK38,JH-V1 SK38,JH-V2,JH-V2,Niky,Niky,L-V1,L-V1,
,,,,,,,,,,
0,24.19,0,24.25,0,23.5,0,23.56,,,
1,24.87,1,24.81,1,23.62,1,24,,,
2,22.37,2,21.62,2,21.75,2,21.69,,,
3,21.62,3,21.25,3,21.31,3,21,,,
4,22.56,4,23.12,4,21.94,4,22,,,
5,15.63,5,15.56,5,15.81,5,15.19,,,
6,17.56,6,18.62,6,19.62,6,18,,,
7,22.81,7,23,7,22.5,7,22.69,,,
8,23,8,23.19,8,22.69,8,22.87,,,
9,23,9,23.06,9,22.75,9,22.87,,,
10,23,10,23.06,10,22.69,10,22.87,,,
11,22.94,11,23.12,11,22.56,11,22.81,,,
12,22.81,12,23.06,12,22.5,12,22.69,,,
13,22.69,13,23,13,22.37,13,22.56,,,
14,22.62,14,22.94,14,22.31,14,22.5,,,
15,22.5,15,22.81,15,22.25,15,22.37,,,
16,22.87,16,22.94,16,22.62,16,22.75,,,
17,22.94,17,22.94,17,22.62,17,22.81,,,
18,23.25,18,23.06,18,23,18,23.12,,,
19,19.69,19,19.75,19,20.94,19,19.44,,,
20,19.87,20,19.94,20,20.94,20,19.62,,,
21,19.94,21,20.06,21,21,21,19.69,,,
22,20.06,22,20.06,22,20.87,22,19.75,,,
23,20.31,23,20.37,23,21.06,23,20.06,,,
24,20.44,24,20.56,24,21.19,24,20.19,,,
25,20.56,25,20.69,25,21.19,25,20.31,,,
26,20.56,26,20.69,26,20.62,26,23.31,,,
27,20.44,27,20.56,27,20.37,27,23.5,,,
28,20.37,28,20.44,28,20,28,18.62,,,
29,20.31,29,20.37,29,19.81,29,20,,,
30,20.25,30,20.31,30,8.44,30,21.06,,,
31,20.12,31,20.25,31,6.87,31,21.62,,,
32,20.06,32,20.19,32,4.69,32,21.87,,,
33,19.94,33,20.06,33,2.62,33,21.75,,,
34,19.87,34,19.94,34,1.31,34,21.56,,,
35,19.75,35,19.81,35,0.31,35,21.31,,,
36,19.62,36,19.69,36,-0.69,36,20.94,,,
37,19.56,37,19.62,37,-1.56,37,20.62,,,
38,19.5,38,19.62,38,-1.87,38,20.19,,,
39,19.56,39,19.62,39,-2.19,39,19.87,,,
40,19.69,40,19.75,40,-0.37,40,19.44,,,
41,19.69,41,19.75,41,3.31,41,18.62,,,
42,19.44,42,19.12,42,11.69,42,18.37,,,
43,19.75,43,19.5,43,16.62,43,18.12,,,
44,19.81,44,19.56,44,18.37,44,18.06,,,
45,19.87,45,19.69,45,19.81,45,18.12,,,
46,19.94,46,19.87,46,19.19,46,18.37,,,
47,20.5,47,20.75,47,18.87,47,18.62,,,
48,20.62,48,20.75,48,18.25,48,18.81,,,
49,20.56,49,20.69,49,18.12,49,16.31,,,
50,20.56,50,20.69,50,17.25,50,14.75,,,
51,20.75,51,20.81,51,16,51,13.88,,,
52,20.75,52,20.81,52,15.13,52,12.69,,,
53,20.69,53,20.69,53,11.25,53,9.94,,,
54,20.56,54,20.62,54,7.62,54,6.25,,,
55,20.5,55,20.56,55,3.81,55,3.81,,,
56,20.37,56,20.44,56,3.37,56,4.56,,,
57,20.25,57,20.37,57,0.69,57,1.44,,,
58,20.19,58,20.25,58,-0.81,58,0.06,,,
59,20.06,59,20.12,59,-1.56,59,-1.5,,,
60,20,60,20,60,-2.12,60,-2.5,,,
61,19.94,61,19.94,61,-3.25,61,-2.81,,,
62,19.81,62,19.94,62,-3.37,62,-3.19,,,
63,19.94,63,20.12,63,-4.31,63,-2.87,,,
64,20.12,64,20.37,64,-4.06,64,-1,,,
65,20.31,65,20.5,65,0.44,65,2.94,,,
66,20.31,66,20.44,66,10.5,66,6.25,,,
67,20.37,67,20.5,67,15.44,67,9.31,,,
68,20.37,68,20.5,68,13.75,68,15.06,,,
69,20.44,69,20.69,69,15.75,69,15.69,,,
70,20.56,70,20.81,70,12.25,70,11.19,,,
71,20.62,71,20.81,71,14.88,71,15.13,,,
72,20.62,72,20.81,72,14.44,72,15.25,,,
73,20.69,73,20.81,73,13.88,73,11.19,,,
74,20.81,74,20.87,74,12.56,74,9.38,,,
75,20.81,75,20.94,75,11.13,75,8.19,,,
76,20.81,76,20.94,76,9.81,76,7.44,,,
77,20.81,77,20.81,77,7.12,77,5.87,,,
78,20.69,78,20.75,78,5.06,78,3.62,,,
79,20.56,79,20.62,79,1.06,79,1,,,
80,20.44,80,20.5,80,0.13,80,-0.62,,,
81,20.37,81,20.37,81,-1.5,81,-1,,,
82,20.25,82,20.31,82,-2.44,82,-2.37,,,
83,20.12,83,20.19,83,-2.75,83,-2.94,,,
84,20.06,84,20.06,84,-3.87,84,-3.31,,,
85,20,85,20.12,85,-4.06,85,-4.31,,,
86,20.06,86,20.19,86,-5.25,86,-4.87,,,
87,20.06,87,20.19,87,-6.19,87,-5.37,,,
88,20.12,88,20.25,88,-5.94,88,-3.44,,,
89,20.19,89,20.31,89,-1.81,89,-0.25,,,
90,20.25,90,20.37,90,6.37,90,4.25,,,
91,8.13,91,20.62,91,11.13,91,7.37,,,
92,10.44,92,20.69,92,12.63,92,14.38,,,
93,12.06,93,20.75,93,16,93,15.94,,,
94,12.75,94,20.87,94,14.5,94,17.94,,,
95,15.06,95,21,95,16.31,95,17.25,,,
96,18.31,96,21.06,96,16.5,96,16.44,,,
97,27.31,97,19,97,15.5,97,15.88,,,
98,29.94,98,16.06,98,15.63,98,13.19,,,
99,27.31,99,12.63,99,15.63,99,12.63,,,
100,14.69,100,11.63,100,14.56,100,12.13,,,
101,12.38,101,10.81,101,12.25,101,11.25,,,
102,10.19,102,9.81,102,7.87,102,6.62,,,
103,7.75,103,8.31,103,5.25,103,4.25,,,
104,6.37,104,6.81,104,3.5,104,3.44,,,
105,4.62,105,5.5,105,2.19,105,1.56,,,
106,3.69,106,4.25,106,1.37,106,1.06,,,
107,4.56,107,4.87,107,2.69,107,3,,,
108,5.31,108,5.12,108,3.69,108,3.62,,,
109,5.81,109,6.06,109,4.12,109,4.06,,,
110,5.81,110,5.87,110,4.19,110,4.31,,,
111,5.81,111,6.37,111,4.19,111,3.75,,,
112,6.19,112,6.31,112,5.12,112,5.25,,,
113,8,113,8.19,113,7.12,113,7.5,,,
114,11.06,114,10.94,114,13.88,114,10.19,,,
115,13,115,12.38,115,15.69,115,13.69,,,
116,15.44,116,13.88,116,17.75,116,18.56,,,
117,16.87,117,14.5,117,20.31,117,20.06,,,
118,18.19,118,15.38,118,20.87,118,17.94,,,
119,19.87,119,15.44,119,21.5,119,21.06,,,
120,23.62,120,16.12,120,22.25,120,25.12,,,
121,30.94,121,15.94,121,22,121,23.94,,,
122,34.88,122,16.87,122,22.69,122,19.5,,,
123,36.69,123,16.94,123,21.5,123,18.94,,,
124,20.5,124,16.31,124,20.87,124,18.31,,,
125,18.06,125,14.44,125,18.75,125,17.06,,,
126,14.69,126,11.81,126,13.25,126,12.38,,,
127,12.56,127,11.19,127,9.88,127,8.63,,,
128,10.19,128,10.13,128,8,128,8.06,,,
129,8.5,129,9.13,129,5.94,129,5.37,,,
130,7.19,130,8.31,130,4.37,130,4.81,,,
131,6.06,131,7.12,131,3.25,131,3.31,,,
132,5.25,132,6.69,132,2,132,2.31,,,
133,4.19,133,5.62,133,1.06,133,1.69,,,
134,3.44,134,4.31,134,0.31,134,0.69,,,
135,2.81,135,4.06,135,-0.69,135,0.44,,,
136,3.12,136,4.94,136,-0.44,136,0.62,,,
137,6,137,6.37,137,2.94,137,6.44,,,
138,10.69,138,10.75,138,14.69,138,10.44,,,
139,14.81,139,13.19,139,20.19,139,15.38,,,
140,18.19,140,14.19,140,22.94,140,22.62,,,
141,20.44,141,13.88,141,23.69,141,25.37,,,
142,21.44,142,13.44,142,25.12,142,27.12,,,
143,22.81,143,14.38,143,26.69,143,27.37,,,
144,27.06,144,14.44,144,25.37,144,27.44,,,
145,37.56,145,16.06,145,24.75,145,30.44,,,
146,43.88,146,13.69,146,25.56,146,22.12,,,
147,43.69,147,14,147,24.44,147,21.06,,,
148,23.56,148,13.31,148,24.44,148,20.87,,,
149,20.44,149,13.06,149,23.94,149,18.12,,,
150,17.5,150,12.56,150,17.56,150,13.94,,,
151,14,151,11.88,151,12,151,13.81,,,
152,11.75,152,11.19,152,9.25,152,10.44,,,
153,10.19,153,10.44,153,7.44,153,6.87,,,
154,8.63,154,9.06,154,5.69,154,5.12,,,
155,7.44,155,8.5,155,4.25,155,4.44,,,
156,6.31,156,7.06,156,2.87,156,3.06,,,
157,5.37,157,6.56,157,2,157,2.5,,,
158,4.31,158,5.56,158,1.19,158,1.75,,,
159,3.75,159,4.69,159,0.44,159,0.88,,,
160,4,160,4.94,160,0.62,160,1.06,,,
161,6.87,161,7.44,161,3.75,161,6.25,,,
162,11,162,11.31,162,15.75,162,12.63,,,
163,16.44,163,13.31,163,20.75,163,16.12,,,
164,19.75,164,15,164,23,164,22.69,,,
165,21.56,165,16.25,165,23.5,165,23.81,,,
166,21.62,166,17.69,166,25.12,166,25.19,,,
167,23.31,167,18.06,167,24.31,167,26.19,,,
168,26.75,168,16.25,168,24.44,168,27.12,,,
169,36.38,169,16.56,169,24.31,169,26.56,,,
170,40,170,15.94,170,24.25,170,23.25,,,
171,41.69,171,17.81,171,23.62,171,22.12,,,
172,24.06,172,16.5,172,23.31,172,21.19,172,23.44,0
173,20.94,173,14.94,173,23,173,19.44,173,22.94,1
174,18.19,174,13.44,174,18.87,174,17,174,22.12,2
175,16.06,175,12.88,175,16.25,175,15.06,175,21.62,3
176,14.63,176,12.5,176,15.25,176,14.75,176,23.81,4
177,12.38,177,12,177,10.69,177,10.13,177,24.25,5
178,10.63,178,10.63,178,8.13,178,7.81,178,24.37,6
179,9.13,179,9.75,179,6.62,179,6.94,179,23.94,7
180,7.75,180,8.19,180,5,180,6.94,180,23.69,8
181,7,181,7.25,181,4,181,7.37,181,23.5,9
182,6.44,182,7.06,182,3.5,182,9.69,182,23.31,10
183,7,183,7.87,183,3.12,183,8.06,183,23.31,11
184,7.5,184,10.38,184,4.44,184,10.06,184,23.31,12
185,9.88,185,11,185,7.37,185,11.81,185,24.19,13
186,15.06,186,13.19,186,16.87,186,15.38,186,25.62,14
187,18.56,187,14,187,20.62,187,17.44,187,26.75,15
188,21,188,14.38,188,22.25,188,22.37,188,27.5,16
189,22.81,189,17.94,189,23.19,189,24.44,189,29,17
190,22.37,190,17.19,190,24.75,190,25.75,190,28.25,18
191,26.12,191,16.81,191,25,191,25.75,191,28.37,19
192,25.94,192,19.25,192,25.25,192,26.31,192,27.87,20
193,34.88,193,17.31,193,25.69,193,28.25,193,27.12,21
194,36.81,194,19.06,194,26.25,194,24.12,194,26.25,22
195,35.88,195,17.62,195,25.31,195,23.75,195,25,23
196,27,196,15.88,196,24.19,196,22.25,196,24.94,24
197,23.81,197,16.19,197,22.44,197,21,197,25.5,25
198,20.44,198,14.5,198,20.12,198,19.44,198,25.31,26
199,18.31,199,13.56,199,18,199,17.31,199,24.75,27
200,15.69,200,13.44,200,13.44,200,14.81,200,24.75,28
201,14,201,12.94,201,11.38,201,12,201,25.19,29
202,12.06,202,11.81,202,9.31,202,9.81,202,24.87,30
203,10.94,203,10.69,203,8.19,203,8.88,203,24.87,31
204,9.69,204,9.69,204,6.87,204,7.62,204,24.69,32
205,8.94,205,9.31,205,6.06,205,6.94,205,24.56,33
206,8.69,206,9,206,5.87,206,7.19,206,24.37,34
207,8,207,8.94,207,5,207,7.44,207,24.19,35
208,7.94,208,8.88,208,5.37,208,6.19,208,24.06,36
209,10.69,209,10.44,209,8.56,209,10.25,209,24.62,37
210,16.06,210,13.88,210,15.19,210,15.75,210,25.56,38
211,17.75,211,13.88,211,17.06,211,17.31,211,25.62,39
212,20.37,212,14.56,212,19.81,212,19.56,212,25.81,40
213,22.25,213,15.44,213,24.87,213,26,213,26.81,41
214,23.12,214,15.63,214,25.5,214,24.06,214,27.31,42
215,24.81,215,15.56,215,27.69,215,25.75,215,27.31,43
216,27.56,216,17.87,216,25.87,216,27.69,216,27.06,44
217,35.88,217,19.69,217,26.31,217,28.25,217,26.62,45
218,42.19,218,18.44,218,26.25,218,24.31,218,26.25,46
219,41.31,219,18.44,219,25.62,219,24.12,219,25.94,47
220,27.5,220,16.62,220,26.06,220,23.31,220,26.19,48
221,23.62,221,15.13,221,23.06,221,20.81,221,25.94,49
222,21.31,222,16.44,222,21.37,222,19.62,222,26.06,50
223,19.5,223,16.44,223,19.75,223,19,223,25.62,51
224,17.5,224,14.19,224,17.62,224,17,224,25.44,52
225,15.56,225,13.75,225,16.19,225,15.13,225,25.62,53
226,14.19,226,13.31,226,14.31,226,12.25,226,25.56,54
227,13.13,227,12.88,227,13.44,227,10.63,227,25.37,55
228,13.75,228,13,228,12.44,228,12.69,228,25.25,56
229,12.94,229,12.69,229,11.38,229,10.25,229,25.06,57
230,12.31,230,12.44,230,10.94,230,10.44,230,24.94,58
231,11.81,231,11.81,231,10.13,231,9.13,231,24.81,59
232,11.81,232,11.75,232,9.31,232,8.19,232,24.69,60
233,12.75,233,12.56,233,10.94,233,11.69,233,25,61
234,16.44,234,14.25,234,14.63,234,15.31,234,25.62,62
235,19.37,235,16.44,235,21.75,235,18.37,235,26.25,63
236,20.5,236,16.44,236,19.81,236,18.94,236,26.62,64
237,21.5,237,16.87,237,24.25,237,24.62,237,26.94,65
238,23.75,238,18.87,238,27.37,238,27.06,238,27.12,66
239,25.12,239,18.87,239,24.31,239,23.81,239,27.25,67
240,24.81,240,17.19,240,22.94,240,21.81,240,27,68
241,26.31,241,18.5,241,24,241,25.12,241,26.75,69
242,30.69,242,17.94,242,23.87,242,23.12,242,26.44,70
243,22.87,243,16.75,243,21.12,243,20.94,243,25.94,71
244,25.06,244,17.06,244,23,244,20.44,244,25.44,72
245,21.25,245,17,245,21.37,245,19.94,245,25.31,73
246,20.5,246,16.81,246,20.5,246,19.56,246,25.19,74
247,19.25,247,15.56,247,19.56,247,18.62,247,25.12,75
248,18.37,248,16.56,248,18.69,248,17.25,248,25.06,76
249,17.31,249,14.5,249,17.75,249,16,249,25.44,77
250,16.94,250,15,250,17.12,250,15.31,250,24.94,78
251,16.5,251,14.44,251,16.37,251,15.69,251,24.56,79
252,14.38,252,13.81,252,13.19,252,12.81,252,24.94,80
253,13.31,253,13.63,253,12.75,253,12.13,253,24.81,81
254,12.81,254,13.38,254,12.06,254,10.94,254,24.81,82
255,12.31,255,13.06,255,10.88,255,10.31,255,24.75,83
256,12.25,256,13.19,256,11.13,256,9.69,256,24.62,84
257,13.88,257,13.75,257,12.88,257,12.13,257,24.81,85
258,14.75,258,14.13,258,13.56,258,13.13,258,24.62,86
259,16.12,259,14.81,259,15.5,259,17.19,259,25.37,87
260,18.12,260,15.56,260,17.25,260,18.06,260,25.69,88
261,20.25,261,15.69,261,21.44,261,18.06,261,26.06,89
262,20.25,262,16.06,262,17.69,262,18.81,262,26.12,90
263,22.31,263,17.44,263,21.37,263,22.87,263,27.19,91
264,23.06,264,17.62,264,20.12,264,20.06,264,26.94,92
265,22.62,265,17.25,265,20.06,265,20.37,265,26.37,93
266,28.62,266,17.5,266,21.25,266,20.12,266,26.25,94
267,15.94,267,15.06,267,14.75,267,14.88,267,25.62,95
268,15.69,268,14.75,268,14.25,268,13.75,268,22.81,96
269,16.06,269,14.38,269,14.5,269,13.38,269,13.75,97
270,16.25,270,14.5,270,14.63,270,14.06,270,13.31,98
271,13.31,271,13.81,271,11.31,271,10.25,271,10.88,99
272,11.94,272,13.06,272,10,272,9.06,272,9.69,100
273,11.69,273,12.88,273,9.5,273,9.06,273,8.88,101
274,11.94,274,12.69,274,10.25,274,10.06,274,9.38,102
275,11.75,275,12.13,275,10.5,275,9.69,275,9.5,103
276,11.31,276,11.94,276,9.88,276,9.44,276,9.31,104
277,10.69,277,11.75,277,9.63,277,9,277,8.81,105
278,9.44,278,10.94,278,8.25,278,7.25,278,7.06,106
279,8.75,279,9.75,279,7.06,279,6.56,279,6.44,107
280,8.75,280,9.44,280,6.69,280,7.69,280,5.37,108
281,9.25,281,11,281,7.56,281,8.75,281,7.37,109
282,11.31,282,11.19,282,9.94,282,9.88,282,9.56,110
283,11.94,283,12.06,283,10.5,283,10.25,283,9.5,111
284,12.81,284,12.06,284,10.81,284,11.25,284,10.06,112
285,14.19,285,13.19,285,12.31,285,12.75,285,11.13,113
286,17.56,286,14.5,286,16.25,286,17.06,286,14.38,114
287,15.81,287,14.5,287,14.94,287,14.44,287,13.63,115
288,16.25,288,14.63,288,14.38,288,15.13,288,16.19,116
289,17.56,289,15,289,15.19,289,15.31,289,14.75,117
290,20.75,290,15.25,290,15.44,290,14.13,290,16.62,118
291,17.44,291,14.5,291,15.88,291,14.56,291,15.13,119
292,20.06,292,14.25,292,17.69,292,13.94,292,14.56,120
293,15,293,13.75,293,13.63,293,12.5,293,14.69,121
294,13.06,294,13.06,294,12.81,294,11.25,294,11.88,122
295,11.19,295,12.25,295,10.13,295,8.56,295,8.69,123
296,11.63,296,12.13,296,9.31,296,7.62,296,9.5,124
297,10.31,297,11.5,297,8.94,297,7.5,297,7.75,125
298,10.44,298,11.19,298,8.44,298,7.81,298,7.87,126
299,10.38,299,10.75,299,8.5,299,8.19,299,8.25,127
300,9.88,300,10.31,300,8.56,300,7.81,300,7.69,128
301,9.44,301,10.13,301,8,301,8,301,7.25,129
302,8.06,302,9.75,302,7.19,302,6,302,6.25,130
303,6.56,303,7.69,303,4.62,303,4.12,303,3.19,131
304,5.56,304,6.87,304,3.56,304,3.44,304,1.81,132
305,6.56,305,7.5,305,4,305,5.19,305,2.94,133
306,9.25,306,9.88,306,7.69,306,8.44,306,9.25,134
307,11.88,307,12.63,307,15.81,307,10.94,307,12.94,135
308,15.88,308,14.06,308,18.06,308,15.44,308,14.81,136
309,16.44,309,15.44,309,19.44,309,17.19,309,15.31,137
310,17.75,310,15.5,310,15.56,310,16.5,310,15.81,138
311,17.31,311,15.19,311,15.63,311,15.69,311,14.81,139
312,19.62,312,15.81,312,16.31,312,16.25,312,16.06,140
313,20,313,16.44,313,17.94,313,18.87,313,17.19,141
314,18.81,314,16.12,314,16.44,314,15.38,314,15.63,142
315,19,315,15.88,315,17.25,315,15.63,315,15.63,143
316,17.12,316,15.44,316,16.12,316,14.88,316,14.69,144
317,14.75,317,14.44,317,14.13,317,13.5,317,13.13,145
318,13.63,318,13.94,318,13.25,318,12.69,318,12.31,146
319,12.88,319,13.44,319,12.31,319,11.75,319,11.19,147
320,10.81,320,12.25,320,10.75,320,8.38,320,9.81,148
321,9.38,321,11.19,321,9.88,321,6.69,321,6.37,149
322,7.87,322,9.19,322,6.69,322,5.5,322,2.94,150
323,6.31,323,7.75,323,4.19,323,3.5,323,1.94,151
324,5.25,324,6.62,324,2.5,324,2.56,324,0.75,152
325,4.19,325,5.44,325,1.5,325,1.37,325,0,153
326,3.5,326,5.37,326,0.56,326,0.75,326,-0.37,154
327,2.69,327,4.5,327,0.5,327,0.56,327,-1.31,155
328,2.31,328,3.75,328,-0.25,328,0.44,328,-1.25,156
329,3.56,329,4.5,329,1.31,329,2.19,329,0.88,157
330,7.12,330,7.87,330,4.87,330,6.19,330,6.31,158
331,11,331,12,331,16.19,331,10.25,331,14.13,159
332,14.25,332,14.25,332,17.81,332,15.06,332,15.69,160
333,15.94,333,15.75,333,18.94,333,20.69,333,16.31,161
334,17.5,334,16.56,334,20.81,334,23.37,334,17.81,162
335,18.44,335,17.44,335,24.25,335,23.87,335,18.12,163
336,21.94,336,17.69,336,23.12,336,25.19,336,20.44,164
337,28.69,337,18.25,337,24.69,337,27.12,337,20.5,165
338,38,338,18.62,338,23.69,338,23.37,338,21.5,166
339,40.75,339,19.31,339,23.06,339,21.19,339,21.69,167
340,35,340,18.87,340,22.25,340,19.81,340,21.31,168
341,23.06,341,18.25,341,20.44,341,19.12,341,19.12,169
342,19.87,342,17,342,19.25,342,17.37,342,17.44,170
343,16.75,343,15.44,343,16.44,343,14.75,343,12.25,171
344,14.63,344,13.81,344,13.38,344,11.56,344,9.25,172
345,13.38,345,12.88,345,11.63,345,10.88,345,9,173
346,11.94,346,12,346,10.19,346,9.5,346,8,174
347,11.81,347,11.38,347,9.75,347,10.38,347,7.94,175
348,11,348,11.19,348,9.06,348,9,348,7.62,176
349,10.25,349,10.63,349,8.56,349,8.44,349,7.25,177
350,9.19,350,9.81,350,6.87,350,7.19,350,6,178
351,8.38,351,9.38,351,5.94,351,6.06,351,4.69,179
352,8.19,352,8.75,352,5.44,352,5.69,352,4,180
353,10.13,353,10,353,8.31,353,9.75,353,7.25,181
354,13.31,354,12.81,354,11.44,354,13.19,354,11.81,182
355,16.87,355,15.69,355,16.06,355,16.06,355,15.13,183
356,17.12,356,16.12,356,16.81,356,17.06,356,15.13,184
357,15.19,357,14.5,357,14.88,357,14.25,357,13.19,185
358,16.69,358,14.56,358,14.31,358,13.75,358,13.31,186
359,20.44,359,18.19,359,20.06,359,20.25,359,16.62,187
360,23.5,360,19.37,360,18.56,360,17.37,360,20.31,188
361,21.81,361,19.37,361,20.44,361,13.5,361,19.12,189
362,18.69,362,17.81,362,16.62,362,13.5,362,16.56,190
363,19.5,363,18,363,18.62,363,15,363,17,191
364,18.75,364,17.19,364,17.75,364,15.56,364,16.44,192
365,14.81,365,15,365,14,365,13.19,365,12.19,193
366,11.69,366,12.94,366,11.69,366,10.94,366,10.56,194
367,11.81,367,12.94,367,11.31,367,10.63,367,10.56,195
368,11.88,368,12.88,368,11.06,368,10.56,368,10.5,196
369,11.75,369,12.63,369,10.94,369,10.5,369,10.44,197
370,11.63,370,12.5,370,10.75,370,10.44,370,10.25,198
371,11.56,371,12.44,371,10.75,371,10.44,371,10.25,199
372,11.25,372,12.38,372,10.81,372,10.44,372,10.25,200
373,10.06,373,11.5,373,10.44,373,9.38,373,9.31,201
374,8.38,374,10,374,8.31,374,7.69,374,7.44,202
375,7.87,375,9.44,375,7.37,375,6.69,375,6.5,203
376,6.87,376,8.25,376,6.25,376,5.62,376,5.44,204
377,6.62,377,8.19,377,5.94,377,5.25,377,5.12,205
378,7,378,8.13,378,6.06,378,5.44,378,5.62,206
379,8.31,379,8.69,379,7.06,379,6.19,379,6.5,207
380,9.31,380,9.44,380,8.19,380,7.56,380,7.5,208
381,10.81,381,11.19,381,9.25,381,9.38,381,9,209
382,11.44,382,11.31,382,10.56,382,9.44,382,9.13,210
383,11.19,383,11.06,383,10.19,383,9,383,9.06,211
384,12.44,384,12.63,384,10.88,384,13.94,384,9.81,212
385,13.81,385,12.88,385,11.88,385,15.25,385,11,213
386,17.44,386,12.94,386,12.06,386,14.31,386,11.19,214
387,13.94,387,11.69,387,10.81,387,10.44,387,10.06,215
388,11.44,388,10.56,388,9.25,388,8.69,388,8.56,216
389,10.88,389,10.13,389,10.06,389,8.88,389,8.81,217
390,8.25,390,8.63,390,8.19,390,6.87,390,6.56,218
391,6.81,391,7.87,391,6.44,391,5.81,391,5.44,219
392,5.19,392,6.81,392,4.94,392,4.31,392,3.81,220
393,5.31,393,7.06,393,4.62,393,4.44,393,3.94,221
394,5.87,394,7,394,5.25,394,4.62,394,4.56,222
395,4.81,395,6.06,395,4.25,395,4,395,3.75,223
396,5,396,6.12,396,4.44,396,3.87,396,3.75,224
397,5,397,6.37,397,4.37,397,3.75,397,3.69,225
398,5.12,398,6.5,398,4.25,398,3.44,398,3.69,226
399,3.94,399,5.75,,,399,2.75,399,2.37,227
400,3.12,400,5.12,,,400,2.62,400,0.5,228
401,3.12,401,5.56,,,401,2.06,401,1.31,229
402,5,402,6.75,,,402,5.19,402,3.44,230
403,7.87,403,9.25,,,403,6.62,403,9.5,231
404,9.94,404,9.81,,,404,9.25,404,7.69,232
405,10.75,405,10.63,,,405,8.94,405,8.69,233
406,11.31,406,11.13,,,406,10.19,406,9.19,234
407,13.56,407,12.69,,,407,12.75,407,11.31,235
408,16.56,408,14.13,,,408,12.69,408,12.44,236
409,19.5,409,14.31,,,409,18.81,409,13.94,237
410,24.5,410,14,,,410,15.19,410,15.19,238
411,15.69,411,13.63,,,411,13.63,411,12.75,239
412,15.75,412,13.81,,,412,12.81,412,12.75,240
413,13.94,413,13.13,,,,,413,11.81,241
414,12.56,414,12.5,,,,,414,10.88,242
415,11.19,415,11.38,,,,,415,9.06,243
416,8.31,416,9.5,,,,,416,5.31,244
417,6.62,417,7.75,,,,,417,3.56,245
418,6.94,418,7.87,,,,,418,5.56,246
419,5.25,419,6.75,,,,,419,2.87,247
420,4.56,420,5.87,,,,,420,2.44,248
421,3.87,421,5.44,,,,,421,1.19,249
422,4.5,422,5.81,,,,,422,1.75,250
423,4.75,423,6,,,,,423,2.06,251
424,5.62,424,6.87,,,,,424,3.31,252
425,6.87,425,8.44,,,,,425,7,253
426,8.69,426,9.25,,,,,426,8.63,254
427,11,427,10.56,,,,,427,9.31,255
428,12.88,428,12,,,,,428,11.38,256
429,14,429,13.19,,,,,429,12.88,257
430,15.63,430,14.44,,,,,430,15,258
431,15.06,431,13.88,,,,,431,13.25,259
432,17.5,432,15,,,,,432,14.69,260
433,18.75,433,14.94,,,,,433,14,261
434,20.56,434,16.25,,,,,434,15.56,262
435,24.19,435,15.81,,,,,435,15.19,263
436,18.12,436,15.19,,,,,436,14.44,264
437,16.69,437,14.25,,,,,437,13.63,265
438,14.19,438,13.19,,,,,438,12,266
439,11.88,439,12.06,,,,,439,9.63,267
440,10.56,440,10.69,,,,,440,8.88,268
441,9.75,441,10.13,,,,,441,7.62,269
442,9.31,442,9.75,,,,,442,7.25,270
443,9.19,443,9.81,,,,,443,7.06,271
444,9,444,9.5,,,,,444,7.12,272
445,9.19,445,9.81,,,,,445,7.31,273
446,9.06,446,9.56,,,,,446,7.25,274
447,8.81,447,9.25,,,,,447,7.12,275
448,8.5,448,8.94,,,,,448,6.69,276
449,8.44,449,8.63,,,,,449,6.69,277
450,9.5,450,9.31,,,,,450,7.31,278
451,10.13,451,9.88,,,,,451,7.5,279
452,11.13,452,10.44,,,,,452,7.94,280
453,12.19,453,11.13,,,,,453,8.81,281
454,11.19,454,11,,,,,454,8.25,282
455,13.13,455,12.31,,,,,455,10.19,283
456,15.75,456,12.63,,,,,456,11,284
457,26.44,457,14.25,,,,,457,13.88,285
458,19.5,458,13.75,,,,,458,15.38,286
459,19.37,459,14.38,,,,,459,14.63,287
460,21.25,460,14.81,,,,,460,14.06,288
461,21.62,461,13.5,,,,,461,13.38,289
,,462,13.56,,,,,462,13.13,290
,,463,12.31,,,,,463,10.44,291
,,464,11.69,,,,,464,9.19,292
,,465,11.31,,,,,465,8.75,293
,,466,10.75,,,,,466,8.25,294
,,467,10.63,,,,,467,8.13,295
,,468,10,,,,,468,8.06,296
,,469,9.63,,,,,469,7.06,297
,,470,9.44,,,,,470,6.94,298
,,471,9.06,,,,,471,6.69,299
,,472,8.88,,,,,472,6.62,300
,,473,8.88,,,,,473,6.94,301
,,474,8.81,,,,,474,7.31,302
,,475,9.31,,,,,475,8.19,303
,,476,9.63,,,,,476,8.19,304
,,477,10.31,,,,,477,8.94,305
,,478,10,,,,,478,8.69,306
,,479,10.44,,,,,479,9.13,307
,,480,11.44,,,,,480,11.25,308
,,481,11.38,,,,,481,9.94,309
,,482,12.31,,,,,482,11.56,310
,,483,12.19,,,,,483,11.25,311
,,484,11.88,,,,,484,10.56,312
,,485,11.81,,,,,485,10.38,313
,,486,11.31,,,,,486,9.88,314
,,487,10.81,,,,,487,8.94,315
,,488,10.44,,,,,488,7.94,316
,,489,10.19,,,,,489,8.25,317
,,490,10.06,,,,,490,8.13,318
,,491,9.88,,,,,491,7.37,319
,,492,9.81,,,,,492,7.31,320
,,493,9.5,,,,,493,6.94,321
,,494,9.44,,,,,494,6.81,322
,,495,9.31,,,,,495,6.44,323
,,496,8.31,,,,,496,5.37,324
,,497,8.19,,,,,497,4.87,325
,,498,9.69,,,,,498,7.56,326
,,499,11.06,,,,,499,9.75,327
,,500,11.44,,,,,500,10.06,328
,,501,11.81,,,,,501,11,329
,,502,13.06,,,,,502,12.94,330
,,503,13.88,,,,,503,14.44,331
,,504,14.75,,,,,504,15.81,332
,,505,14.56,,,,,505,13.75,333
,,506,12.31,,,,,506,12.13,334
,,507,13.56,,,,,507,12.13,335
,,508,13.69,,,,,508,12.13,336
,,509,12.75,,,,,509,12.13,337
,,510,12.31,,,,,510,11.38,338
,,511,11.31,,,,,511,9.81,339
,,512,10.63,,,,,512,7.94,340
,,513,10.06,,,,,513,6.5,341
,,514,8.5,,,,,514,4.44,342
,,515,7.31,,,,,515,2.94,343
,,516,6.19,,,,,516,2.56,344
,,517,5.81,,,,,517,1.5,345
,,518,4.87,,,,,518,0.94,346
,,519,4.31,,,,,519,0.44,347
,,520,3.75,,,,,520,-0.19,348
,,521,4.06,,,,,521,-0.06,349
,,522,5.69,,,,,522,2.87,350
,,523,8.06,,,,,523,5.62,351
,,524,10,,,,,524,8.69,352
,,525,12.38,,,,,525,12.19,353
,,526,13.88,,,,,526,14.94,354
,,527,15.06,,,,,527,16.19,355
,,528,14.63,,,,,528,14.88,356
,,529,15.5,,,,,529,14.75,357
,,530,14.44,,,,,530,13.31,358
,,531,17.37,,,,,531,13.75,359
,,532,20.87,,,,,532,19.87,360
,,533,21.44,,,,,533,18.62,361
,,534,22.94,,,,,534,22.25,362